title,author,publisher,publication_date,discount,price
四夠教養法，養出溫暖聰明的孩子【限量親簽版】,陳子蘭,如何,2024-05-01,79,284
四夠教養法，養出溫暖聰明的孩子,陳子蘭,如何,2024-05-01,79,284
居家布置的心理法則：一點點變動就能創造幸福,高原美由紀,如何,2024-05-01,79,268
居家布置的心理法則：一點點變動就能創造幸福 (電子書),高原美由紀,如何,2024-05-01,,214
四夠教養法，養出溫暖聰明的孩子 (電子書),陳子蘭,如何,2024-05-01,,225
0~4歲的兒語潛能開發寶典：全球暢銷10年!英國皇家語言治療師專業研發 (電子書),莎莉‧瓦爾德,如何,2024-05-01,,208
世界最簡單的才能發現法：找到一生受用的自信與自我理解,八木仁平,如何,2024-04-01,79,284
為何父母越完美，孩子越痛苦?：化擔憂為信任的教養之道,成田奈緒子,如何,2024-04-01,79,237
世界最簡單的才能發現法：找到一生受用的自信與自我理解 (電子書),八木仁平,如何,2024-04-01,88,220
為何父母越完美，孩子越痛苦?：化擔憂為信任的教養之道 (電子書),成田奈緒子,如何,2024-04-01,,210
右腦覺醒：5步驟轉化，啟動幸福美好,Nedo Jun,如何,2024-03-01,79,276
抄寫英語的奇蹟：1天10分鐘，英語和人生都起飛,林熙 Brett Lindsay,如何,2024-03-01,79,300
右腦覺醒：5步驟轉化，啟動幸福美好 (電子書),Nedo Jun,如何,2024-03-01,88,215
抄寫英語的奇蹟：1天10分鐘，英語和人生都起飛 (電子書),林熙,如何,2024-03-01,88,234
孩子的耐挫力，比什麼都重要,金珍妮,如何,2024-02-01,79,284
動物也有今生來世：動物靈媒師的美好訊息,凱倫．安德森,如何,2024-02-01,79,252
孩子的耐挫力，比什麼都重要 (電子書),金珍妮,如何,2024-02-01,88,220
動物也有今生來世：動物靈媒師的美好訊息 (電子書),凱倫．安德森,如何,2024-02-01,88,197
腸理：一直困擾你的健康問題，都和腸內環境有關,國澤純,如何,2023-12-01,9,306
腸理：一直困擾你的健康問題，都和腸內環境有關 (電子書),國澤純,如何,2023-12-01,88,209
看了就想買!藏在設計裡的暢銷關鍵：一頁一法則，讓人秒下單的心理效應,321web（三井將之）,如何,2023-11-01,9,297
備孕聖經：中醫教你養卵、養精、養子宮 (電子書),陳玉娟,如何,2023-11-01,88,258
看了就想買!藏在設計裡的暢銷關鍵：一頁一法則，讓人秒下單的心理效應 (電子書),321web（三井將之）,如何,2023-11-01,88,203
你不可不知的關於金錢的那些事：顛覆常識的金錢心理學,周欣悅,如何,2023-10-01,9,324
你不可不知的關於金錢的那些事：顛覆常識的金錢心理學 (電子書),周欣悅,如何,2023-10-01,88,220
30歲開始，理財不焦慮：從斷捨離開始的金錢整理,30節約男子,如何,2023-10-01,79,268
30歲開始，理財不焦慮：從斷捨離開始的金錢整理 (電子書),30節約男子,如何,2023-10-01,88,209
畢達哥拉斯的思考課：從通勤到愛情，用數學家的思維解決問題,李光淵,如何,2023-09-01,9,351
畢達哥拉斯的思考課：從通勤到愛情，用數學家的思維解決問題 (電子書),李光淵,如何,2023-09-01,88,240
筋膜律動的非凡力量：告別全身疼痛，讓脊椎、肌肉、筋膜無比和諧,亞歷山大•孟茨,如何,2023-08-01,79,284
筋膜律動的非凡力量：告別全身疼痛，讓脊椎、肌肉、筋膜無比和諧 (電子書),亞歷山大•孟茨,如何,2023-08-01,88,220
LOGO設計研究所：更有亮點的60個技巧,施博瀚,如何,2023-07-01,79,308
非常律師的非常選擇【《非常律師禹英禑》援引的真實故事】,曺祐誠,如何,2023-07-01,9,306
非常律師的非常選擇【《非常律師禹英禑》援引的真實故事】 (電子書),曺祐誠,如何,2023-07-01,88,209
LOGO設計研究所：更有亮點的60個技巧 (電子書),施博瀚,如何,2023-07-01,88,240
不生病的生活：新谷飲食法，全美首席胃腸科醫師的健康秘訣【全球暢銷360萬本慶功版】,新谷弘實,如何,2023-06-01,9,207
備孕聖經：中醫教你養卵、養精、養子宮,陳玉娟,如何,2023-06-01,9,378
心中有數，腳下有路：用數學思維解讀世界、解決生活中的難題,劉雪峰,如何,2023-05-01,9,279
心中有數，腳下有路：用數學思維解讀世界、解決生活中的難題 (電子書),劉雪峰,如何,2023-05-01,,217
射精道：男人必備，解決所有性事、性功能困擾,今井伸,如何,2023-05-01,79,268
射精道：男人必備，解決所有性事、性功能困擾 (電子書),今井伸,如何,2023-05-01,,238
一場快樂勝過千萬悲傷【《非常律師禹英禑》援引的真實故事】,曺祐誠,如何,2023-03-01,9,288
一場快樂勝過千萬悲傷【《非常律師禹英禑》援引的真實故事】 (電子書),曺祐誠,如何,2023-02-23,,224
劇本的多重宇宙：馮勃棣導航，39部電影的故事力與生命啟示,馮勃棣,如何,2023-02-01,9,297
劇本的多重宇宙：馮勃棣導航，39部電影的故事力與生命啟示 (電子書),馮勃棣,如何,2023-01-18,,231
快眠地圖：按圖索驥保你一生舒眠!高效工作者必備,角谷Ryo,如何,2023-01-01,9,342
迷妹的韓文自學法：零基礎也能無痛養成韓文腦,LJ,如何,2023-01-01,9,288
快眠地圖：按圖索驥保你一生舒眠!高效工作者必備 (電子書),角谷Ryo,如何,2023-01-01,,266
迷妹的韓文自學法：零基礎也能無痛養成韓文腦 (電子書),LJ,如何,2023-01-01,,224
最強暢聊法：笑神助攻!越聊越開心的說話術,芝山大補,如何,2022-12-01,79,284
最強暢聊法：笑神助攻!越聊越開心的說話術 (電子書),芝山大補,如何,2022-12-01,,250
打電話就賣3億：講對了，什麼都能賣，傳奇業務的高成交話術 (電子書),淺川智仁,如何,2022-12-01,,203
趕走窮人思維，靠自己成為富一代：你阿公都看得懂的理財書! (電子書),關韶文,如何,2022-11-09,,280
趕走窮人思維，靠自己成為富一代：你阿公都看得懂的理財書!,關韶文,如何,2022-11-01,7,280
柴犬Nana和阿楞的幸福日常：與一狗二貓的三餐四季,阿楞,如何,2022-10-01,9,351
睡前3分鐘超感謝筆記【1書+1魔法筆記本】：5000人親身實證，吸引好運與財富的超強習慣,masa,如何,2022-10-01,79,300
柴犬Nana和阿楞的幸福日常：與一狗二貓的三餐四季 (電子書),阿楞,如何,2022-10-01,,273
睡前3分鐘超感謝筆記(1書+1魔法筆記本)：5000人親身實證，吸引好運與財富的超強習慣 (電子書),masa,如何,2022-10-01,,266
超級嬰兒通：天才保母崔西的育兒祕訣 (電子書),Tracy Hogg & Melinda Blau,如何,2022-10-01,,175
品格優勢：成就孩子「王者之力」，從容應對未來的競爭與機遇,"彭凱平,閆偉",如何,2022-09-01,9,342
品格優勢：成就孩子「王者之力」，從容應對未來的競爭與機遇 (電子書),"彭凱平,閆偉",如何,2022-09-01,,266
一輩子用得上的尺寸事典，全能住宅裝修必備,X-Knowledge,如何,2022-08-01,79,355
神明怎麼那麼可愛!：寶島諸神降落，有看有保庇!,海豚男,如何,2022-08-01,9,342
神明怎麼那麼可愛!：寶島諸神降落，有看有保庇! (電子書),海豚男,如何,2022-08-01,,266
抄寫勵志英語，換來百日奇蹟,莉亞,如何,2022-07-06,79,300
抄寫勵志英語，換來百日奇蹟 (電子書),莉亞,如何,2022-07-06,,266
適合你的，世界上唯一的學習法 (電子書),坪田信貴,如何,2022-07-01,,182
了不起的人體：如此精妙，如此有趣，說不定還能救你一命,山本健人,如何,2022-07-01,9,324
了不起的人體：如此精妙，如此有趣，說不定還能救你一命 (電子書),山本健人,如何,2022-07-01,,250
按下暫停鍵也沒關係：在憂鬱症中掙扎了一年，我學到的事,阿滴（都省瑞）,如何,2022-06-01,79,339
按下暫停鍵也沒關係：在憂鬱症中掙扎了一年，我學到的事 (電子書),阿滴（都省瑞）,如何,2022-06-01,,301
你的愛情就像你自己：SBS常駐心理師，集15年諮商經驗，找到愛的解答,全美暻,如何,2022-05-01,79,316
你的愛情就像你自己：SBS常駐心理師，集15年諮商經驗，找到愛的解答 (電子書),全美暻,如何,2022-05-01,,280
意念導引：修復情緒與壓力傷害的身心互動法,姜義堅,如何,2022-04-01,79,284
學習高手：哈佛、耶魯雙學霸的最強學習法,李柘遠LEO,如何,2022-04-01,79,292
學習高手：哈佛、耶魯雙學霸的最強學習法 (電子書),李柘遠LEO,如何,2022-04-01,,259
意念導引：修復情緒與壓力傷害的身心互動法 (電子書),姜義堅,如何,2022-04-01,,250
左撇子的隱形優勢：看過上萬人腦部影像的名醫教你將天賦才華發揮到120%的關鍵,加藤俊德,如何,2022-03-01,9,288
左撇子的隱形優勢：看過上萬人腦部影像的名醫教你將天賦才華發揮到120%的關鍵 (電子書),加藤俊德,如何,2022-03-01,,224
生命的答案，水知道(典藏紀念版)：全球熱銷突破四百萬冊，揭開心念的強大力量,江本勝,如何,2022-02-01,79,244
生命的答案，水知道(典藏紀念版)：全球熱銷突破四百萬冊，揭開心念的強大力量 (電子書),江本勝,如何,2022-02-01,,217
鬼才思考術：4000萬人都崇拜的無用發明家，腦洞大開的71個練習,藤原麻里菜,如何,2022-02-01,9,279
鬼才思考術：4000萬人都崇拜的無用發明家，腦洞大開的71個練習 (電子書),藤原麻里菜,如何,2022-02-01,,217
想要脫窮，先買張股票吧!：三度谷底翻身的上班族，給厭世代兒子的低薪致富投資法,獨言（DokGen）,如何,2022-01-01,7,203
想要脫窮，先買張股票吧!：三度谷底翻身的上班族，給厭世代兒子的低薪致富投資法 (電子書),獨言（DokGen）,如何,2022-01-01,,203
親愛的，妳還可以是妳自己：許書華醫師陪妳聊那些童話故事後的未完待續,許書華,如何,2021-12-01,9,288
親愛的，妳還可以是妳自己：許書華醫師陪妳聊那些童話故事後的未完待續 (電子書),許書華,如何,2021-12-01,,224
失控的不是血糖，是你的飲食：講糖教你這樣吃，血糖穩定不飆升,"林冠怡,講糖",如何,2021-11-01,9,279
失控的不是血糖，是你的飲食：講糖教你這樣吃，血糖穩定不飆升 (電子書),"林冠怡,講糖",如何,2021-11-01,,217
我心裡住著一隻刺蝟：看懂你的人生劇本與內在防衛機制，療癒各種人際傷,陳子蘭,如何,2021-10-01,79,221
我心裡住著一隻刺蝟：看懂你的人生劇本與內在防衛機制，療癒各種人際傷 (電子書),陳子蘭,如何,2021-10-01,,196
30歲起這樣吃，代謝好就不難瘦 (電子書),森拓郎,如何,2021-10-01,,189
看穿雇用潛規則，立刻找到好工作：管理30國薪資的外商人資揭密，好福利、好前途、好老闆的工作這樣找,職來直往Miss莫莉,如何,2021-10-01,66,204
看穿雇用潛規則，立刻找到好工作：管理30國薪資的外商人資揭密，好福利、好前途、好老闆的工作這樣找 (電子書),職來直往Miss莫莉,如何,2021-10-01,88,190
【圖解】女孩的安全教育課：面對38個危險情境，這樣保護自己,讀客小學生閱讀研究社˙安全組,如何,2021-09-01,79,221
【圖解】女孩的安全教育課：面對38個危險情境，這樣保護自己 (電子書),讀客小學生閱讀研究社˙安全組,如何,2021-09-01,,196
一流的教養：這樣教孩子，將來他會感謝你 (電子書),"南瓜夫人,金武貴",如何,2021-09-01,,217
撞牆教養學：用12個練習理解孩子，將衝突化為溝通的轉機,童童老師,如何,2021-09-01,9,279
撞牆教養學：用12個練習理解孩子，將衝突化為溝通的轉機 (電子書),童童老師,如何,2021-09-01,,217
1天5分鐘身材管理：300萬人都說讚的肌群鍛鍊與健康伸展,LIFE AID,如何,2021-08-01,9,351
1天5分鐘身材管理：300萬人都說讚的肌群鍛鍊與健康伸展 (電子書),LIFE AID,如何,2021-08-01,,273
每道人生的坎，都是一道加分題,莎莉夫人（Ms. Sally）,如何,2021-08-01,9,270
每道人生的坎，都是一道加分題 (電子書),莎莉夫人（Ms. Sally）,如何,2021-08-01,,210
設計的實戰法則：微調就立刻加分，說服力百分百,宇治智子,如何,2021-07-01,9,315
讓孩子在情緒裡學會愛：陪他經歷喜怒哀樂，說出真感受 (電子書),澤爸（魏瑋志）,如何,2021-07-01,,196
設計的實戰法則：微調就立刻加分，說服力百分百 (電子書),宇治智子,如何,2021-07-01,,245
引導孩子說出內心話：不說教的情商課，讓親子都被好好理解,澤爸（魏瑋志）,如何,2021-07-01,79,292
引導孩子說出內心話：不說教的情商課，讓親子都被好好理解 (電子書),澤爸（魏瑋志）,如何,2021-07-01,,259
其實你胖得很冤枉：家醫科女醫師教你重啟健康體重基礎閾值，身體自然瘦,陳欣湄,如何,2021-06-01,9,342
會賺錢的人，說話永遠二選一：年收破億的20個致富語法,金川顯教,如何,2021-06-01,79,229
會賺錢的人，說話永遠二選一：年收破億的20個致富語法 (電子書),金川顯教,如何,2021-06-01,,203
其實你胖得很冤枉：家醫科女醫師教你重啟健康體重基礎閾值，身體自然瘦 (電子書),陳欣湄,如何,2021-06-01,,266
30歲起輕鬆練!穿衣好看免修圖塑體操,森拓郎,如何,2021-05-01,7,217
30歲起輕鬆練!穿衣好看免修圖塑體操 (電子書),森拓郎,如何,2021-05-01,,217
去你的正常世界,大坦誠,如何,2021-05-01,79,252
去你的正常世界 (電子書),大坦誠,如何,2021-05-01,,224
這些話，就是言語勒索：10歲起就該懂!29個場景帶你識破並適度反擊,森山至貴,如何,2021-04-01,7,210
這些話，就是言語勒索：10歲起就該懂!29個場景帶你識破並適度反擊 (電子書),森山至貴,如何,2021-04-01,,210
啟動遠距工作，設計你的理想生活,佐依Zoey,如何,2021-04-01,9,297
啟動遠距工作，設計你的理想生活 (電子書),佐依Zoey,如何,2021-04-01,,231
少女心噴發!俏媽咪潔思米的玩美烘焙,潔思米,如何,2021-03-03,7,266
少女心噴發!俏媽咪潔思米的玩美烘焙 (電子書),潔思米,如何,2021-03-03,,266
一出手脫單又脫魯：從撩妹、見面到正式交往，必備六大武器╳五大管道,瑪那熊,如何,2021-03-03,79,252
一出手脫單又脫魯：從撩妹、見面到正式交往，必備六大武器╳五大管道 (電子書),瑪那熊,如何,2021-03-03,,224
用七色飲食打造不生病的身體：醫學博士親身實證!一週有感，兩週變健康!,刑部恒男,如何,2021-02-01,9,270
用七色飲食打造不生病的身體：醫學博士親身實證，一週有感，兩週變健康! (電子書),刑部恒男,如何,2021-02-01,,210
從此不打呼：耳鼻喉科醫師親傳，免開刀、免呼吸器自療秘笈大公開,曾鴻鉦,如何,2021-02-01,9,279
從此不打呼：耳鼻喉科醫師親傳，免開刀、免呼吸器自療秘笈大公開 (電子書),曾鴻鉦,如何,2021-02-01,,217
一人公司的致富思維：從零到百萬訂閱，靠知識變現的成功法則,好葉,如何,2021-01-01,9,252
發現你的天職：三大步驟，讓你選系、就業、轉職或創業不再迷惘,八木仁平,如何,2021-01-01,79,237
發現你的天職：三大步驟，讓你選系、就業、轉職或創業不再迷惘 (電子書),八木仁平,如何,2021-01-01,88,184
一人公司的致富思維：從零到百萬訂閱，靠知識變現的成功法則 (電子書),好葉,如何,2021-01-01,,196
科學驗證、保證有效的寶寶熟睡法 (電子書),蘇菲亞‧阿克塞爾羅德,如何,2020-12-01,,238
科學驗證、保證有效的寶寶熟睡法,蘇菲亞‧阿克塞爾羅德,如何,2020-12-01,9,306
個人品牌獲利：自媒體經營的五大關鍵變現思維,李洛克,如何,2020-12-01,79,316
個人品牌獲利：自媒體經營的五大關鍵變現思維 (電子書),李洛克,如何,2020-12-01,88,246
啟動身體的抗老系統：從破壞模式切換到修復模式，享受無病生活 (電子書),陳俊旭,如何,2020-11-01,,231
啟動身體的抗老系統：從破壞模式切換到修復模式，享受無病生活,陳俊旭,如何,2020-11-01,79,260
全民好聲音：嗓音治療天團幫你找回悅耳美聲!,"林峯全,王棨德",如何,2020-11-01,9,306
看人的本事：說話前先讀懂對方想聽什麼，建立好關係 (電子書),盧文建,如何,2020-10-01,,203
AI驗證!最強PPT製作法：照做就對了!提案成功率94% (電子書),越川慎司,如何,2020-10-01,,210
看人的本事：說話前先讀懂對方想聽什麼，建立好關係,盧文建,如何,2020-10-01,7,203
AI驗證!最強PPT製作法：照做就對了!提案成功率94%,越川慎司,如何,2020-10-01,66,198
蔡康永的說話之道(500萬冊紀念版),蔡康永,如何,2020-09-01,79,284
屍速英語：活用30個學過的基本動詞，職場英語嚇嚇叫! (電子書),"KAWASEMI Co. Ltd.,交學社",如何,2020-08-01,,168
屍速英語：活用30個學過的基本動詞，職場英語嚇嚇叫!,"KAWASEMI Co. Ltd.,交學社",如何,2020-08-01,9,216
用同理心解鎖孩子的情緒：帶你看見孩子的內在需求，讓教養不再卡關,何翩翩,如何,2020-08-01,79,244
用同理心解鎖孩子的情緒：帶你看見孩子的內在需求，讓教養不再卡關 (電子書),何翩翩,如何,2020-08-01,,217
升職加薪必備!職場黑馬簡報術：讓你不再莫名踩地雷，在每個關鍵時刻脫穎而出! (電子書),黑主任,如何,2020-07-01,,250
升職加薪必備!職場黑馬簡報術：讓你不再莫名踩地雷，在每個關鍵時刻脫穎而出!,黑主任,如何,2020-07-01,66,237
蔬食烘焙：全植物性食材也能做馬芬、蛋糕和麵包，再也不擔心過敏、皮膚炎和肥胖問題,朴宣紅,如何,2020-07-01,7,287
蔬食烘焙：全植物性食材也能做馬芬、蛋糕和麵包，再也不擔心過敏、皮膚炎和肥胖問題 (電子書),朴宣紅,如何,2020-07-01,,287
與情緒相伴的新生活提案：11個練習，讓你在憂鬱、焦慮、憤怒、孤單時拿回主動權 (電子書),"劉惠敏,周子勛,葉北辰",如何,2020-06-05,,224
英文單字語源圖鑑2：圖解拆字，輕鬆學、快樂記! (電子書),"すずきひろし,清水建二",如何,2020-06-01,,238
英文單字語源圖鑑2：圖解拆字，輕鬆學、快樂記!,"すずきひろし,清水建二",如何,2020-06-01,9,306
與情緒相伴的新生活提案：11個練習，讓你在憂鬱、焦慮、憤怒、孤單時拿回主動權,"劉惠敏,周子勛,葉北辰",如何,2020-06-01,79,252
平衡免疫這樣吃!：台大醫生教你聰明攝取好油，簡單吃出好體質 (電子書),林曉凌,如何,2020-05-01,,196
平衡免疫這樣吃!：台大醫師教你聰明攝取好油，簡單吃出好體質,林曉凌,如何,2020-05-01,9,252
田安石的碳水循環飲食法：寫給因為生酮、減醣、瘦身而心累的你,田安石,如何,2020-05-01,9,351
田安石的碳水循環飲食法：寫給因為生酮、減醣、瘦身而心累的你 (電子書),田安石,如何,2020-05-01,,273
島與鯨。海洋之子。：《男人與他的海》拍攝紀實 (電子書),黃嘉俊（黑糖導演）,如何,2020-04-01,,273
島與鯨。海洋之子。：《男人與他的海》拍攝紀實,黃嘉俊,如何,2020-04-01,9,351
真實尺寸的古生物圖鑑˙中生代篇【隨書贈侏羅紀長圓頂龍70x50cm全彩珍藏海報】,土屋健,如何,2020-04-01,66,369
基本設計力：簡單卻效果超群的77原則,宇治智子,如何,2020-04-01,9,297
基本設計力：簡單卻效果超群的77原則 (電子書),宇治智子,如何,2020-04-01,,231
至死不渝的高速閱讀法：把知識化為收入的秘密,上岡正明,如何,2020-03-01,9,279
至死不渝的高速閱讀法：把知識化為收入的秘密 (電子書),上岡正明,如何,2020-03-01,,217
對不起，我不是好媽媽：8個練習題，帶你走出育兒焦慮與罪惡感 (電子書),福田智花,如何,2020-02-01,,189
對不起，我不是好媽媽：8個練習題，帶你走出育兒焦慮與罪惡感,福田智花,如何,2020-02-01,9,243
提升表現、預防傷害、減緩疼痛，運動肌內效貼紮 (電子書),"張高華,蔡忠憲,黃安華",如何,2020-01-01,,238
提升表現、預防傷害、減緩疼痛，運動肌內效貼紮,"張高華,楊宛青,蔡忠憲,黃安華",如何,2020-01-01,9,306
1天10分鐘，從零基礎變身韓語通!,趙叡珍,如何,2020-01-01,9,333
1天10分鐘，從零基礎變身韓語通!【隨選即聽趙老師韓語發音】 (電子書),趙叡珍,如何,2020-01-01,,259
打造富腦袋!從零累積被動收入：月收翻倍的財富攻略,Ms.Selena,如何,2019-12-01,79,229
打造富腦袋!從零累積被動收入：月收翻倍的財富攻略 (電子書),Ms.Selena,如何,2019-12-01,,203
零廢棄的美好生活：每月開支省1萬，垃圾越少越富足!,呂加零,如何,2019-11-01,9,252
零廢棄的美好生活：每月開支省1萬，垃圾越少越富足! (電子書),呂加零,如何,2019-11-01,,196
蔡康永的情商課2：因為這是你的人生,蔡康永,如何,2019-10-17,79,276
孩子的人生成長痛，小說有解：用好故事陪孩子走過徬徨時刻 (電子書),羅怡君,如何,2019-10-01,,196
孩子的人生成長痛，小說有解：用好故事陪孩子走過徬徨時刻,羅怡君,如何,2019-10-01,9,252
媽媽，學校都沒有教我「性」：這樣引導孩子保護自己、尊重生命,野島那美,如何,2019-10-01,9,234
勇氣圖鑑：受挫、失敗都是成長的養分,大野正人,如何,2019-09-01,9,288
好心救好肝：肝病權威許金川教授在談笑之中教你正確保肝知識,許金川,如何,2019-08-01,9,252
帶你爽吃美食又能瘦，才是營養師!：鹹酥雞?手搖飲?下午茶?2.5秒選對吃!,Emma周佑庭,如何,2019-08-01,9,324
帶你爽吃美食又能瘦，才是營養師!：鹹酥雞?手搖飲?下午茶?2.5秒選對吃! (電子書),Emma周佑庭,如何,2019-08-01,,250
Jean老師光速英語：20小時聽懂、敢說!英語不再難開口,Jean老師,如何,2019-07-01,9,270
代謝力UP減醣好好：體重輕鬆瘦，體脂降10%的升級版技巧,娜塔,如何,2019-07-01,79,284
代謝力UP減醣好好：體重輕鬆瘦，體脂降10%的升級版技巧 (電子書),娜塔,如何,2019-07-01,,250
Jean老師光速英語：20小時聽懂、敢說!英語不再難開口 (電子書),Jean老師,如何,2019-07-01,,210
看過38萬人屁股的名醫教你在家治好痔瘡,平田雅彥,如何,2019-06-01,9,261
真實尺寸的古生物圖鑑˙古生代篇,土屋健,如何,2019-06-01,7,371
會走路的翻譯機，神級英文學習攻略本 (電子書),浩爾（簡德浩）,如何,2019-05-01,,196
會走路的翻譯機，神級英文學習攻略本,浩爾（簡德浩）,如何,2019-05-01,79,221
打電話就賣3億：講對了，什麼都能賣，傳奇業務的高成交話術,淺川智仁,如何,2019-05-01,66,191
寫給生命的情書：暖心名醫告訴你，對抗病魔時真正重要的事 (電子書),江坤俊,如何,2019-04-01,,196
寫給生命的情書：暖心名醫告訴你，對抗病魔時真正重要的事,江坤俊,如何,2019-04-01,9,252
癌症全方位建議：讓我告訴你，從預防治療到飲食營養的照護指南 (電子書),賴易成,如何,2019-03-01,,245
癌症全方位建議：讓我告訴你，從預防治療到飲食營養的照護指南,賴易成,如何,2019-03-01,9,315
超級嬰兒通實作篇：天才保母的零到三歲E‧A‧S‧Y 育兒法,"崔西‧霍格,梅琳達‧貝樂",如何,2019-03-01,79,331
超級嬰兒通實作篇：天才保母的零到三歲E˙A˙S˙Y 育兒法 (電子書),"崔西‧霍格,梅琳達‧貝樂",如何,2019-03-01,,294
寫作革命：散文、小說、文案、社群貼文輕鬆進階的40道練習題,李洛克,如何,2019-01-01,9,261
適合你的，世界上唯一的學習法：1300位後段班學生成功逆轉人生的讀書戰略,坪田信貴,如何,2019-01-01,66,171
寫作革命：散文、小說、文案、社群貼文輕鬆進階的40道練習題 (電子書),李洛克,如何,2019-01-01,,203
週末熱炒店的編劇課：零經驗也學得會!前所未見的小說式編劇教學書,東默農,如何,2018-12-01,9,288
週末熱炒店的編劇課：零經驗也學得會!前所未見的小說式編劇教學書 (電子書),東默農,如何,2018-12-01,,224
情緒界線：孩子人生必備的競爭力,賴宇凡,如何,2018-11-01,9,369
蔡康永的情商課：為你自己活一次,蔡康永,如何,2018-11-01,79,276
日語最強相關用語：王可樂教室嚴選!表達力‧語彙量一次滿足(附「相關用語」收聽QRCode),"原田千春,王可樂",如何,2018-10-08,9,468
日語最強相關用語：王可樂教室嚴選!表達力˙語彙量一次滿足(附「相關用語」收聽QRCode) (電子書),"原田千春,王可樂",如何,2018-10-08,,364
無痛退休：戰勝年改、對抗通膨，活到90歲也不怕的實用理財術 (電子書),"廖義榮,高震宇",如何,2018-10-01,,231
無痛退休：戰勝年改、對抗通膨，活到90歲也不怕的實用理財術,"廖義榮,高震宇",如何,2018-10-01,7,231
正解!脊椎側彎的真相：寫給60萬人的自我檢測與矯正法,李容霆,如何,2018-08-01,9,279
正解!脊椎側彎的真相：寫給60萬人的自我檢測與矯正法 (電子書),李容霆,如何,2018-08-01,,217
一開口撩人又聊心：被異性喜歡，被同性肯定，不冷場、不辭窮、不尷尬、不被句點的人際互動課,瑪那熊,如何,2018-07-01,79,237
改變人生的最強呼吸法!：連氣喘都能改善，還能順帶瘦身!,派屈克．麥基翁,如何,2018-07-01,9,297
一開口撩人又聊心：被異性喜歡，被同性肯定，不冷場、不辭窮、不尷尬、不被句點的人際互動課 (電子書),瑪那熊（陳家維）,如何,2018-07-01,,210
改變人生的最強呼吸法!：連氣喘都能改善，還能順帶瘦身! (電子書),派屈克．麥基翁,如何,2018-07-01,,231
討拍取暖詩心瘋：一本書讀懂經典古詩人(附QR Code全文情境朗讀音檔),大老振,如何,2018-06-01,9,252
母愛真火大!莎拉媽媽的犀利人母爆笑日常 (電子書),莎拉媽媽（陳伊思）,如何,2018-05-01,,196
母愛真火大!莎拉媽媽的犀利人母爆笑日常,莎拉媽媽（陳伊思）,如何,2018-05-01,9,252
不換位置，也要換腦袋：斜槓時代必備的換位思考力,紀坪,如何,2018-05-01,9,261
不換位置，也要換腦袋：斜槓時代必備的換位思考力 (電子書),紀坪,如何,2018-05-01,,203
一休陪你一起愛瘦身2：最多人問的45天減脂計畫，吃飽還能瘦的美味秘密大公開(附QR Code料理示範影片),李一休,如何,2018-04-01,79,339
超越地表最強小編!社群創業時代：FB+IG經營這本就夠，百萬網紅的實戰筆記,冒牌生,如何,2018-04-01,79,221
超越地表最強小編!社群創業時代：FB+IG經營這本就夠，百萬網紅的實戰筆記 (電子書),冒牌生,如何,2018-04-01,,196
一休陪你一起愛瘦身2：最多人問的45天減脂計畫，吃飽還能瘦的美味秘密大公開 (電子書),李一休,如何,2018-04-01,,300
跟著Ryuuu TV學日文看日本：Ryu & Yuma的日語生活實境秀 (電子書),"Ryu,Yuma",如何,2018-03-01,,259
跟著Ryuuu TV學日文看日本：Ryu & Yuma的日語生活實境秀(附MP3),"Ryu,Yuma",如何,2018-03-01,9,333
場景設定創意辭海：225個故事舞台，創作靈感一翻就來 (電子書),"安琪拉‧艾克曼,貝嘉‧帕莉西",如何,2018-03-01,,406
場景設定創意辭海：225個故事舞台，創作靈感一翻就來,"安琪拉‧艾克曼,貝嘉‧帕莉西",如何,2018-02-01,9,522
搞懂17個關鍵文法，日語大跳級!跟著王可樂，打通學習任督二脈 (電子書),王可樂,如何,2017-12-01,,231
日語助詞王：王可樂妙解20個關鍵，日檢不失分 (電子書),"原田千春,王可樂",如何,2017-12-01,,280
顧好下肢筋膜，全身痠痛out!：鐵人醫師最想告訴你的復健眉角,侯鐘堡,如何,2017-11-01,9,324
街頭健身：倒三角、胸大肌、人魚線‧勇氣自信一練上身 (電子書),"彭羿旻（Vic）,邱仁政（Leon）",如何,2017-09-01,,238
街頭健身：倒三角、胸大肌、人魚線‧勇氣自信一練上身,"彭羿旻（Vic）,邱仁政（Leon）",如何,2017-09-01,7,238
這個動作，那個情形，日語怎麼說?：桃太郎的實用動詞組句，教你日語好到花瘋(附MP3光碟),冨永圭太,如何,2017-09-01,9,333
這個動作，那個情形，日語怎麼說?：桃太郎的實用動詞組句，教你日語好到花瘋(附音檔) (電子書),冨永圭太,如何,2017-09-01,,259
因為健身，我正喜歡上自己：曲線女神Gina的體脂15%塑身祕訣,Gina,如何,2017-08-01,9,342
解憂相談室：從情緒整理、轉化想法，找回自信與自在的人生,林耕新,如何,2017-08-01,9,243
羽健身：小資女變小隻女!輕肌力訓練讓你一瘦到位 (電子書),丁小羽,如何,2017-07-01,,252
羽健身：小資女變小隻女!輕肌力訓練讓你一瘦到位,丁小羽,如何,2017-07-01,9,324
達令的法語小樂園：法國人妻用彩圖與俗諺，帶你領略道地的法式生活,Renren,如何,2017-07-01,9,288
守衛你的情緒界線：溝通減壓法十招，讓人際關係不再左右為難、疾病不上身,賴宇凡,如何,2017-07-01,9,342
英語每日一滴：IG最夯，學校不教，聊天、搭訕、吐槽都有戲,阿滴（Ray Du）,如何,2017-06-01,9,288
英語每日一滴：IG最夯，學校不教，聊天、搭訕、吐槽都有戲 (電子書),阿滴（Ray Du）,如何,2017-06-01,,224
即使家庭會傷人，愛依然存在：讓你沮喪的不是人生，而是你的焦慮,許皓宜,如何,2017-05-01,9,288
30歲起這樣吃，代謝好就不難瘦,森拓郎,如何,2017-04-01,9,243
呂宗昕教授教你1天學會字首‧字根‧字尾(附MP3),呂宗昕,如何,2017-03-01,9,333
失眠勿擾：用對方法，找對醫師，從此遠離安眠藥,黃偉俐,如何,2017-03-01,9,279
一流的教養：這樣教孩子，將來他會感謝你,"南瓜夫人,金武貴",如何,2017-02-01,9,279
日語助詞王：王可樂妙解20個關鍵，日檢不失分(附贈「日檢模擬測驗練習本」),"原田千春,王可樂",如何,2017-02-01,79,316
百歲醫師教我的育兒寶典(10年慶功版),林奐均,如何,2016-12-01,9,270
百歲醫師教我的育兒寶典(10年慶功版) (電子書),林奐均,如何,2016-12-01,,210
艸氏無私製通五十音：圖像覺醒之必背良藥(趣味雙書封，隨書附贈精美海報),艸文子,如何,2016-11-04,9,270
單字密碼：三段式解析，過目不忘，快速提升英語力(附MP3),呂宗昕,如何,2016-11-01,9,342
自學時代：找回學習的動機與主權，成為自己和孩子的最佳教練,黃夏成,如何,2016-08-01,9,261
【超圖解】慢卡路里讓你瘦：為什麼有人喝水就會胖，有人怎麼吃都胖不了?,賴宇凡,如何,2016-07-01,9,297
驚人的數學魔術：18堂課，輕鬆變身數學A咖,"吳如皓,林壽福,莊惟棟",如何,2016-06-01,9,270
茵茵的ㄦ字腰扭扭操：1次5分鐘，曲線、瘦身一次到位(附贈示範DVD),康茵茵,如何,2016-06-01,9,369
再見，朝九晚五：崴爺教你微創業，收入翻倍，一次就做對,崴爺,如何,2016-06-01,9,243
我的改變練習曲,于美人,如何,2016-05-01,9,333
抗炎體質這樣吃!台大醫師教你喚醒身體的自癒力,林曉凌,如何,2016-05-01,9,297
用繪本開發孩子的寫作力與表達力(附贈閱讀存摺),陳安儀,如何,2016-04-01,9,324
讓孩子在情緒裡學會愛：陪他經歷喜怒哀樂，說出真感受,澤爸（魏瑋志）,如何,2016-03-01,79,221
鬆肩頸，斷開百病源：疏通全身能量的肩頸釋壓操(60分鐘示範DVD),林蓓莉,如何,2016-03-01,9,324
知男而不退：H犀利解說，男人這種生物,Ｈ,如何,2016-02-01,9,270
倫敦，藝遊未盡：在地人的私房藝文靈感基地,牛沛甯,如何,2015-12-31,9,351
搞懂17個關鍵文法，日語大跳級!：跟著王可樂，打通學習任督二脈,王可樂,如何,2015-11-30,9,297
就當人2吧!即使含著免洗湯匙出生，也要笑著活下去,人2,如何,2015-11-25,9,269
人生不能沒有伴：找回各種關係裡的安心感,許皓宜,如何,2015-10-29,9,306
6歲前，關閉孩子的過敏基因：中醫兒科名醫的獨門秘訣,顏宏融,如何,2015-09-30,9,279
養心治本：長庚中西醫聯手教你，連哈佛、梅約都讚嘆的太極養心操與心血管食療保健(附太極養心功法DVD),長庚醫療團隊,如何,2015-07-30,9,387
一休陪你一起愛瘦身：5個燃脂動作，甩肉25公斤，線條再升級! (附一休示範大全集DVD+記錄了就會瘦三折海報),李一休,如何,2015-07-30,9,342
譯界天后親授!這樣做，案子永遠接不完,王蘊潔,如何,2015-07-27,9,243
神奇的小花圖作文法：68個學生，57個六級分，還能提升思考力(隨書附贈防水書套+會考實況作文紙),周恬宇,如何,2015-05-28,9,297
食安守門人教你聰明擇食、安心飲食,"張凱甯,文長安,陳俊成",如何,2015-04-30,9,252
爆笑不爆肝!輕鬆掌握保肝知識,許金川,如何,2015-04-27,9,252
色彩與光線：每位創作人、設計人、藝術人 都該有的手繪聖經,詹姆士．葛爾尼,如何,2015-04-27,79,458
30個看穿人心的談判魔法，讓對手聽你的,林家泰,如何,2015-02-26,66,178
與父母和解，療癒每段關係裡的不完美,許皓宜,如何,2015-01-29,9,288
圖解數學一點通!：這樣教，三年級就能解出七年級題目(附親子共讀本),Vivi老師,如何,2015-01-26,9,279
京都B級美食： 體驗關西旅情，就從在地料理開始,黃國華,如何,2014-12-31,9,449
用繪本跟孩子談重要的事：能獨立思考的孩子，到哪裡都能過得好,幸佳慧,如何,2014-09-30,9,315
學習就是要有計畫!：美國SAT榜首的考試、記憶、動機訓練法,吳宗翰（John Wu）,如何,2014-09-25,9,270
超神奇!延展身體黃金期的無骨式健走操!：年輕20歲、解除累積傷，遠離各種病痛!(附贈「無骨式健走˙修復強化進階操」DVD),謝安,如何,2014-08-28,9,324
防小人法律應對術：人生處處是騙局，懂這些不再吃悶虧,巴毛,如何,2014-08-28,9,279
為什麼你的病總是看不好?：這樣和醫生溝通，發現小毛病裡的大問題,王健宇,如何,2014-07-31,9,261
越疊越成材：積木專家毛毛老師教孩子堆出思考力、玩出好態度,毛毛老師（尤信勝）,如何,2014-06-30,9,306
百歲醫師育兒法實作體驗：10位達人分享為什麼丹瑪醫師的方法適合每一個孩子!,如何編輯部,如何,2014-06-25,9,261
0~4歲的兒語潛能開發寶典：全球暢銷10年!英國皇家語言治療師專業研發,莎莉‧瓦爾德,如何,2014-05-29,9,297
全家人的精油生活指南：100種天然、無毒又省錢的應用(贈野橘精油一瓶),dōTERRA®美商多特瑞,如何,2014-05-26,9,359
肝硬化全書：全國護肝專家教你預防、照護、治療,肝病防治學術基金會,如何,2014-04-30,9,225
蔡康永的說話之道2,蔡康永,如何,2014-04-30,79,260
大學生不要當的28種人：寫給每個人的性格補強計畫,周偉航(人渣文本),如何,2014-04-24,79,221
Vincent老師的香氛美神妝：回眸率100%，香水╳彩妝的絕美魔法,Vincent Wang,如何,2014-03-31,9,324
就因為「沒時間」，才什麼都能辦到：四個孩子，照拿哈佛學位!女醫生分享提高時間密度的33要訣,吉田穗波,如何,2014-03-25,9,243
陳安如的會考高分作文【隨書附贈防水夾鏈書套+會考模擬稿紙】,陳安如,如何,2013-12-31,9,315
東京B級美食 (上)：在地老饕隱藏版美食探險之旅(B級美食/主食/超值),黃國華,如何,2013-12-31,9,359
東京B級美食(下)：在地老饕隱藏版美食探險之旅(甜點/伴手禮),黃國華,如何,2013-12-31,9,359
學會K線賺3億：打敗大盤、戰勝投資心理的月風流技術分析,月風,如何,2013-10-31,9,252
我為文具著了迷!：重新發現色鉛筆x紙膠帶x印章x貼紙的N種可能,Mikey,如何,2013-09-30,9,288
寶傑，你怎麼說：讓人一聽就入戲的關鍵說話術,劉寶傑,如何,2013-09-25,66,178
厝邊巷尾就是我的人生學校,劉興欽、劉永毅,如何,2013-06-27,9,234
當酒嫁給了水果：酒釀水果DIY.超美味中西料理入菜,陳明業,如何,2013-06-24,9,243
BabyHome育兒寶典：父母關注度最高的Q&A，完整經驗分享與專家解答,BabyHome寶貝家庭親子網,如何,2012-11-30,9,306
全家人的健康守護書：資深家醫為300個健康問題解密,廖英藏,如何,2012-11-30,9,261
說話，其實也能套公式：一開口就能說到重點，百分百提升好感、達成目標,李飛彤,如何,2012-11-30,9,252
十二年國教，孩子這樣提升多元學力,牧語軒,如何,2012-09-28,9,252
好孕500分：吳寶芬教你調養懷孕前後的身心體質(附好孕講座CD),吳寶芬,如何,2012-08-31,9,297
30分鐘做出雙色夢幻果醬：56道經典果醬+12道果醬創意料理+6種貼心果醬禮物包裝法，一次收錄,張曉東,如何,2012-08-24,9,261
料理摩人電冰箱的菜櫥子：十分鐘輕鬆上桌,電冰箱（Simon）,如何,2012-07-31,9,270
大山背的野孩子,劉興欽、劉永毅,如何,2012-05-31,9,234
坐捷運都能成交!：沒學歷、沒背景、沒人脈的業績女王,陳秀苗,如何,2012-05-24,66,158
廖閱鵬催眠聖經,廖閱鵬,如何,2012-05-24,9,306
理財就像談戀愛：女人如何聰明投資，快樂愛,邱沁宜,如何,2012-03-30,66,178
人生，我選擇「以上皆是」：奧美最年輕董事總經理寫給女人的打氣書,唐心慧,如何,2012-02-23,9,225
小酌之家：巷弄裡的美味,王宣一,如何,2011-10-31,9,342
識食：季節限定，嚴選嚴買,朱慧芳,如何,2011-09-29,9,288
壹週刊首選 中南部夜市美食：台中.南投.彰化.雲林.嘉義.台南.高雄.屏東.台東.花蓮 人氣小吃,壹週刊美食旅遊組,如何,2011-07-28,9,269
千萬上班族齊心按讚的就醬英語,就醬,如何,2011-07-25,9,234
壹週刊首選 北台灣夜市美食：台北.新北市.基隆.宜蘭.桃園.新竹人氣小吃,壹週刊美食旅遊組,如何,2011-06-30,9,269
神秘的最後營養源：深海礦物質,陳雪娥,如何,2011-06-30,9,216
沒有不受教的孩子：以愛為後盾的K.I.C.K. 教養法,林奐均,如何,2011-06-30,9,269
輕鬆培養孩子的英語好感度(附親子英語會話CD),吳敏蘭,如何,2011-05-31,9,279
豪門家教基測不藏私：鐘點費6000名師忍痛大放送(附尚明親授教學DVD),尚明,如何,2011-04-28,9,243
向博士生學K書真本事：人人可用的讀書搶分秘訣,讀考密技情資小組,如何,2011-02-24,7,175
不教孩子，只說故事：創意故事教養絕招,張大光,如何,2010-11-30,9,261
照見幸福的所在：由利正忠婚禮攝影七堂課,由利正忠,如何,2010-11-30,9,297
遠離肝苦很簡單：你必須知道的保肝知識,許金川,如何,2010-10-26,9,216
喂，請問百歲醫師在家嗎?：圖文育兒攻略本,黃正瑾,如何,2010-10-26,9,261
身體警訊及生活習慣病解析百科：把台大健診團隊帶回家,台大健康管理中心醫療團隊,如何,2010-08-31,9,315
這樣做，寶寶超好帶：《百歲醫師教我的育兒寶典》實踐篇,許惠珺,如何,2010-06-24,9,234
天啊!單字可以這麼好背：難的、深的、長的也不怕,王鼎琪,如何,2010-04-29,9,306
散戶勝經2：郭大俠教你用閒錢賺大錢,郭際勝,如何,2010-04-26,9,207
癌症大祕密：醫師很想說、你很想問的65個問題,和信治癌中心醫院．醫事團隊,如何,2010-03-31,9,252
一秒鐘電腦操作術：70個意想不到的省時實用妙招,李佩蓉,如何,2009-12-30,9,225
榜首這樣K基測總複習：國文科20個高分關鍵字,榜首贏家,如何,2009-12-30,9,315
榜首這樣K基測總複習：數學科20個高分關鍵字,榜首贏家,如何,2009-12-30,9,297
榜首這樣K基測總複習：社會科30個高分關鍵字,榜首贏家,如何,2009-12-30,9,333
榜首這樣K基測總複習：英語科20個高分關鍵字,榜首贏家,如何,2009-12-30,9,306
榜首這樣K基測總複習：自然科30個高分關鍵字,榜首贏家,如何,2009-12-30,9,351
生命自救法門(修訂版)(附示範DVD)：先天真炁修復你的健康,李延明,如何,2009-12-24,9,234
超市魔法家：105個日常小物，300種創意生活,陳映如,如何,2009-11-30,9,269
我靠家教，年薪百萬,尚明,如何,2009-10-29,9,207
飆進高普考──榜首如何用巧勁致勝,國考情咨小組,如何,2009-10-29,9,234
藍布印花傳統文樣250,曹健男,如何,2009-10-26,66,297
于美人幸福好食光,于美人,如何,2009-08-31,9,252
榜首這樣K基測 ──數學科25個奪分題型大解析,榜首贏家,如何,2009-08-31,9,261
榜首這樣K基測─自然科25個奪分題型大解析,榜首贏家,如何,2009-08-31,9,297
榜首這樣K基測──國文科25個奪分題型大解析,榜首贏家,如何,2009-08-31,9,288
榜首這樣K基測──社會科25個奪分題型大解析,榜首贏家,如何,2009-08-31,9,279
榜首這樣K基測──英語科25個奪分題型大解析,榜首贏家,如何,2009-08-31,9,261
股海勝經--No.1財經部落格主的指數化投資法,綠角,如何,2009-08-25,9,234
真腰瘦!肥女變魔豆,可藍,如何,2009-07-30,9,243
人體空間排毒 ──從皮膚到內臟依序清除你的毒素,陳立川,如何,2009-07-30,9,243
排毒享瘦不復胖的祕訣,孫崇發,如何,2009-06-30,7,182
好想就醬上班去,就醬．巧可,如何,2009-05-26,9,234
榜首團隊進駐-國文科28個高分上大學關鍵字,榜首贏家,如何,2009-04-30,9,270
榜首團隊進駐-公民與社會科33個高分上大學關鍵字,榜首贏家,如何,2009-04-30,9,252
榜首團隊進駐-數學科27個高分上大學關鍵字,榜首贏家,如何,2009-04-30,9,279
榜首團隊進駐-地理科26個高分上大學關鍵字,榜首贏家,如何,2009-04-30,9,243
榜首團隊進駐-物理科24個高分上大學關鍵字,榜首贏家,如何,2009-04-30,9,252
1小時學會韓語發音──1天學會66句韓語,莊淇銘,如何,2009-04-24,9,207
榜首團隊進駐：英文科117個高分上大學關鍵字,李冠勳、黃俊閔,如何,2009-03-31,9,288
榜首團隊進駐：化學科32個高分上大學關鍵字,廖青學、黃碩,如何,2009-03-31,9,261
榜首團隊進駐：生物科33個高分上大學關鍵字,楊娟、昭均,如何,2009-03-31,9,261
榜首這樣K書--8位榜首親傳!獨門分科攻讀法,李孟賢、陳韻如,如何,2008-11-24,9,234
法文文法快易通 修訂版,Delatour、Jennepin、Dufour、Mattle、Teyssier,如何,2008-11-01,9,252
就溜吧!拋開一切環島去：女力單車體驗記,藍麗娟,如何,2008-10-30,9,324
費莉莉魅麗水晶串珠,費莉莉,如何,2008-10-30,9,324
另類人生(隨書附贈：另類人生主題曲energy演唱單曲CD),另類人種,如何,2008-10-30,9,269
部落客也能賺大錢,于文強,如何,2008-10-24,9,252
每個媽媽都是七田真──教出資優兒的右腦教具DIY,陳秀桂,如何,2008-09-30,9,234
你知道孩子的學習優勢嗎?：成績大躍進的7個關鍵,單中興,如何,2008-05-30,9,216
見風轉舵力：掌握每次變化的職場書,蔡祐吉,如何,2008-05-26,9,225
台灣的設計寶庫：傳統花布圖樣150(附VCD),吳清桂,如何,2008-04-30,9,423
讓身體聽你的──風行全球的活氣健康法,廖嘉鎮,如何,2008-03-31,9,225
好神!寫給大人的摺紙書 ──使你大受歡迎的鈔票?立體摺紙,蘇志昌,如何,2008-02-29,9,252
神奇的四指按摩法──超簡單、保健康,蔡志一,如何,2008-02-29,9,261
眼睛保健聖經,張朝凱,如何,2007-12-31,9,243
用寫的，自然學好英文(附有聲CD),謝欽舜,如何,2007-12-06,9,288
愛鳥阿嬤的追夢人生,邱銘源,如何,2007-10-31,9,252
美麗金三角-造型.彩妝.整形白金級診療室,曹賜斌、朱正生、陳麗卿,如何,2007-10-31,9,216
羅志祥 Show on stage進化三部曲,羅志祥,如何,2007-10-09,9,288
散戶勝經：郭大俠的股市賺錢法,郭際勝,如何,2007-09-21,9,216
英語片語辭典 ──最常用.超好記就業及升學必備,張哲嘉,如何,2007-08-31,9,234
指尖遊戲,胡蕙蘭,如何,2007-07-31,9,243
妮子幫 幸福捲捲,傅娟，妮子幫,如何,2007-07-31,9,288
農會好好玩──嚴選45點，好玩、好買、好用旅遊小百科,林詩音,如何,2007-07-31,66,198
水蜜桃朱安禹姐姐創意DIY,水蜜桃朱安禹姐姐,如何,2007-06-29,9,324
水蜜桃朱安禹姐姐魔法點心,朱安禹,如何,2007-06-29,9,324
脊骨保健全書──脊椎側彎?筋骨痠痛?姿勢不正?運動傷害,陳家恩,如何,2007-05-31,9,252
那些男孩教我的事-聖天使版,蔡康永,如何,2007-05-31,9,252
你是幾號人?--生命靈數解析你的愛情、事業、財運,倪端,如何,2007-04-30,9,216
拜託!單字根本不用背──3D英文快速記憶法( 附CD、DVD ),"王鼎琪,詹以嫻",如何,2007-04-30,9,270
數獨呼拉圈,呂宗昕,如何,2007-03-30,9,144
我愛大明星-驚嘆號(附VCD),我愛大明星採訪組,如何,2007-03-08,9,269
幸福的蔬菜時光：時尚居家、蔬食料理、養顏美肌,簡佳璽,如何,2007-02-27,9,225
毛孔革命：漂亮肌膚的秘密,陳衍良、賴碧芬,如何,2007-02-27,9,207
老娘，學瑜伽,黑眼包,如何,2006-11-30,9,243
在香氛中按摩排毒,楊涵雲、楊秋玉、張錫宗,如何,2006-10-31,9,261
Selina愛的小珠珠,任家萱,如何,2006-09-25,9,270
想太多：糗了,飛行貓創意社,如何,2006-08-25,9,189
你吃對了嗎?──莊雅惠 全食物養生事典,莊雅惠,如何,2006-07-31,9,234
你不能沒腸識：頑固教授的24個腸道保健祕訣,蔡英傑,如何,2006-06-30,9,234
關鍵時刻吃出美麗─美人的營養書,許美雅,如何,2006-05-30,9,279
美肌食──越吃越美麗的瑜伽飲食法,"堂娜,許美雅",如何,2006-04-28,7,210
化壓力為動力──上班族元氣全書,陳慶洲,如何,2006-04-28,9,243
想太多《一天，86400秒的時光》,飛行貓創意社,如何,2006-04-28,9,179
好家在有好風水,蔡上機　,如何,2006-04-25,9,225
江醫師的魚舖子─怎樣吃魚最健康,江守山,如何,2006-03-31,9,234
數學樂園──從胚騰(Pattern)學好數學(附教學光碟一片),林壽福,如何,2006-02-27,9,360
天才的創造法,川島隆太,如何,2006-01-19,9,207
酸痛復健全書─頭、肩、頸、腰、背、脊椎、四肢,許宏志,如何,2006-01-19,9,243
名醫名廚的保健菜單,謝瀛華，郭月英　,如何,2006-01-01,9,243
生活魔法家─居家實用妙點子300招,陳映如,如何,2006-01-01,9,243
貓島.座間味──沖繩貓生活物語,吳毅平,如何,2005-11-25,9,225
自然律例──地瓜餐創始人的養生之道(VCD*1),陳堅真,如何,2005-10-31,9,234
閱讀力──收集、解讀、思考、判斷能力的源頭,林基興,如何,2005-10-25,9,189
我愛一個人,太陽臉,如何,2005-09-30,9,252
極峰探祕-世界屋脊˙冰河˙雪巴人,阿尼達‧加奈利,如何,2005-09-26,9,171
可以排壓的四套奇妙瑜伽法(附4VCD),堂娜,如何,2005-09-09,9,432
莊雅惠保健按摩小百科(隨書附贈「簡易穴道按摩動作示範VCD」),莊雅惠,如何,2005-08-30,9,234
寫給女人的芳療保健書,行翎,如何,2005-07-29,9,252
好風水起大運,蔡上機,如何,2005-07-29,9,225
溫啤酒與冷女人,臥斧,如何,2005-07-25,9,198
贏在就業起跑點──職場紅人的大學先修班,邱文仁,如何,2005-06-30,9,198
從此天天睡好覺,羅孝穗,如何,2005-06-30,9,216
瀑布急流-探索河流的奧祕,阿尼達˙加奈利,如何,2005-06-24,9,171
我聰明，因為我做記憶訓練,戴維思．皓皓,如何,2005-05-30,9,225
沙漠探秘-沙丘.綠洲.沙塵暴,阿尼達‧加奈利；麥克‧菲利浦,如何,2005-05-30,9,171
神秘海洋-碧海藍天下的驚奇,阿尼達˙加奈利,如何,2005-05-24,9,171
考照王--1年考取7張證照祕訣大公開,卜鈺鈴,如何,2005-04-29,9,189
英語3字通,陳建志,如何,2005-04-29,9,198
我會做菜──500道家庭必備經典料理,張瑛玿、蔡清南、姚嘉雄,如何,2005-04-29,9,1080
熱帶雨林-地球之肺.生態秘境,阿尼達‧加奈利,如何,2005-04-26,9,171
壹直笑─怪怪新村芒果報,BO2,如何,2005-03-30,9,225
冰天雪地-南極、北極,阿尼達˙加奈利,如何,2005-02-25,9,171
火山爆發-地熱、熔岩、海島天堂,阿尼達˙加奈利,如何,2005-02-25,9,171
輕鬆學物理的第一本書：31個有趣的物理實驗,周鑑恆,如何,2005-02-25,9,225
能量食物：防治癌症、慢性病的飲食指南,趙思姿,如何,2005-01-27,9,234
狂風暴雨-颱風、颶風、龍捲風,安妮塔˙加納利,如何,2004-12-30,9,171
天崩地裂-毀滅性地震,"AnitaGaneri,MikePhillip",如何,2004-12-24,9,171
莊雅惠家庭常用中醫藥小百科,莊雅惠,如何,2004-11-30,9,225
品嚐法蘭西：美食醇酒遊法國,小莊,如何,2004-10-29,9,216
Talk da Talk 洋腔洋調VOL.1 I See.生活美語原來如此(附2片VCD),吳大維等,如何,2004-10-26,9,252
Talk da Talk 洋腔洋調VOL.2 I need a cab!搭計程車遍覽城市風光 Please go to Central Park!(附2片VCD),吳大維等,如何,2004-10-26,9,252
萬用英文片語辭典,巨璣資訊,如何,2004-09-30,9,189
200道美食健康素,曹又方、郭月英、吳謙信,如何,2004-09-30,9,297
買牛奶還是買蛋?：變有錢的60個精明理財方法,羅際夫,如何,2004-08-30,9,207
K英文，你累了嗎?：蠻牛老師教你文法九式,廖嘉琛,如何,2004-08-25,9,225
健康至柔太極20式(附贈功法示範VCD),詹明樹,如何,2004-07-29,9,252
莊雅惠素食養生料理,莊雅惠醫師,如何,2004-06-29,9,234
幸福的真義，水知道,江本勝,如何,2004-06-29,9,198
漂亮身體：能量YOGA (附3片VCD),堂娜,如何,2004-06-25,9,342
造型101：女性必備的隨身造型顧問,朱麗安,如何,2004-05-28,9,252
那些男孩教我的事,蔡康永、太陽臉,如何,2004-05-28,9,207
最動人的英文 (附內文朗讀CD),謝瑤玲,如何,2004-04-29,9,189
21天自然美身書：木火土金水，五行體質的健康塑身法,陳進成,如何,2004-04-29,9,216
我要一年四季晶瑩剔透：知名皮膚科醫師教你正確保養肌膚,陳衍良、賴碧芬,如何,2004-03-30,9,243
第五大道的Pilates (附VCD),蕭亞軒，角子,如何,2004-03-18,9,288
肩頸腰背痛、五十肩、電腦手、骨刺：向疼痛說不,陳家恩,如何,2004-02-27,9,225
東京卡通超Q圖鑑,Pinko,如何,2004-02-14,9,315
唐詩地圖──90個唐詩經典場景,吳真,如何,2003-12-22,9,252
養生防癌抗癌食譜：曹又方成功抗癌的飲食經驗,曹又方，郭月英,如何,2003-12-22,9,270
愛上數學：悠遊數學世界的20個趣味故事,安娜．伽拉佐利,如何,2003-11-28,9,189
保養彩妝：彩妝大師朱正生教你上妝兼護膚,朱正生,如何,2003-11-28,9,216
一本女人寫給女人的保健書,莊雅惠,如何,2003-11-25,9,234
元氣健康美食-精選家常素食100道,人間衛視,如何,2003-10-01,9,225
好風水招大財：蔡上機開運納財風水DIY,蔡上機,如何,2003-08-29,9,225
英語學習影響孩子一生 (附美語兒歌cd及歌詞),秦鴻筠,如何,2003-08-25,9,189
我注意你很久了!：偶像總教頭的娛樂圈先修班,包小柏,如何,2003-07-30,9,189
水獺會跳踢躂舞：動物園獸醫的動物記趣50,余珍芳,如何,2003-07-25,7,161
我信我能我要：青年學子成功的15堂必修課,管斌全,如何,2003-06-27,9,207
這個字，英文你知道嗎? ：竹科英文魔法師教你絕對用得著的英語,張哲嘉,如何,2003-06-27,9,225
廖醫師的快樂養生處方,廖英藏,如何,2003-06-27,9,189
漂亮.YOGA,堂娜,如何,2003-05-28,9,234
莊雅惠水嫩輕盈美人茶,莊雅惠,如何,2003-04-29,9,234
莊雅惠全家健康按摩增訂版,莊雅惠,如何,2003-03-28,9,153
國中小學英文基本2000字—附音標.例句.詞性.標準發音CD,巨璣資訊,如何,2003-03-28,9,314
吃出健康好生機：88道簡易美味的生機料理,邱惠臻,如何,2003-02-24,9,243
100個世界地理的奇聞軼事,洛姆國際,如何,2003-02-24,9,180
嘻哈萬歲!─全台街舞大追蹤,是元介,如何,2003-01-25,9,234
我的野生動物朋友(精裝本),蒂皮．德格雷,如何,2003-01-25,9,252
雷蒙老師的蜜桃美人養成班：50道美白養顏豐胸食譜,雷蒙,如何,2003-01-15,9,207
創意總比別人多：活用知識管理開發創意,莊淇銘,如何,2002-12-30,9,180
中英日法西五種語言玩遍天下,巨璣資訊,如何,2002-12-30,79,166
賺錢英語開口說—戴維思商用英語快速記憶400句,戴維思,如何,2002-11-29,9,189
莊雅惠五臟保健書,莊雅惠,如何,2002-11-29,9,234
妙手仁心開藥方─17位資深中醫的養生經驗與行醫傳奇,全嘉莉,如何,2002-10-25,9,171
紓壓防癌抗老化─孫安迪免疫新主張,孫安迪,如何,2002-09-30,9,171
疼愛家人的養生料理,郭月英,如何,2002-09-30,9,234
美容養生酸乳酪,劉湘琪,如何,2002-08-30,9,234
學習創造了奇蹟— 我如何從落榜生成為大學校長,莊淇銘,如何,2002-08-26,9,171
我的野生動物朋友,蒂皮‧德格雷,如何,2002-08-26,9,225
阿鴻天天上菜：夏日美白塑身食譜,陳鴻,如何,2002-07-30,9,234
3口組自然瘦身法,劉炳中,如何,2002-06-28,9,198
珍惜自己的16堂養生課─名醫名人擁有健康與光采容顏的祕訣,丁瑞愉,如何,2002-06-28,9,171
戴維思超強記憶訓練,戴維思,如何,2002-06-25,9,225
雷蒙老師的幸福情趣祕方,雷蒙,如何,2002-05-30,9,207
養生防癌精力湯,劉振珺,如何,2002-04-01,9,252
幽默好有魅力,南琦,如何,2002-03-26,9,171
雷蒙老師的魔鬼身材雕塑法：40道享瘦果 汁與床上瘦身術,雷蒙,如何,2002-02-27,9,198
幸運彩妝：朱正生生活彩妝開運祕訣,朱正生,如何,2002-01-31,9,198
從此不怕背單字-英語單字快速聯結記憶法,莊淇銘,如何,2002-01-25,9,171
別讓歲月催你老：新世紀抗衰老祕訣大公開,王桂良,如何,2002-01-15,9,171
一天英語開口說—戴維思英語聯想學習400句,戴維思,如何,2001-12-03,9,225
圖解英語標示小百科─看懂英語標誌、說明書、重要訊息的第一本書,清地惠美子,如何,2001-12-03,9,180
3分鐘活力健康操-簡單有效的體適能運動,中華民國體適能協會,如何,2001-11-02,9,152
變化球女人，直球男人：兩性聰明溝通法則,伊東明,如何,2001-10-25,9,189
催眠聖經─啟動你的內在潛能,廖閱鵬,如何,2001-10-03,9,207
幸福算命地圖─30家超準算命地點大蒐集,高麗玲,如何,2001-09-26,9,171
追分成功—吉祥車站連連看,沙岷,如何,2001-09-03,9,180
一小時學會片假名,莊淇銘,如何,2001-08-27,9,179
莊雅惠窈窕養生湯方,莊雅惠醫師,如何,2001-08-01,9,261
行家帶你遊東京—16條電車逍遙遊路線,中川翔詠，曹姮,如何,2001-08-01,9,269
超級嬰兒通：天才保母崔西的育兒祕訣,Tracy Hogg & Melinda Blau,如何,2001-08-01,9,225
這個字，英文你會說嗎?(CD版),講談社國際,如何,2001-07-02,9,225
一生瘦用---38種快速有效瘦身法,如何編輯室,如何,2001-07-02,9,171
汪!你過的是啥狗日子?,汪桂林,如何,2001-07-02,9,162
這樣學習最有效-戴維思的思達迪研習法,戴維思,如何,2001-06-26,9,171
在乎自己才會幸福—不受他人左右的13法則,Josef Kirschner,如何,2001-05-31,9,171
創意家事輕鬆做500招,平成生活研究會,如何,2001-05-31,9,216
掌握學習基因： 善用你的超級生化機器,莊淇銘,如何,2001-05-03,9,171
七天致勝：考前衝刺10大妙招,優質創意工作小組編,如何,2001-05-03,9,171
薪水族全球投資聖經,羅仕政,如何,2001-04-03,9,151
有意思的英語關鍵字,田崎清忠,如何,2001-04-02,9,180
一小時學會五十音--莊淇銘教授精心研發‧超倍速日語聯結記憶法,莊淇銘,如何,2001-03-26,9,179
我上班，我吃香喝辣,南琦,如何,2001-02-23,9,171
生活彩妝,朱正生,如何,2001-02-23,9,216
愛的私房書,"Daniel S. Stein,M.D.",如何,2001-02-23,9,225
e時代超Hot英語讀本,松野守峰,如何,2001-01-20,9,180
選對CUP 魅力UP,尹玫瑰,如何,2001-01-01,9,216
道地美語慣用句600,Barbara K. Gaines,如何,2000-12-01,9,171
我的世紀我的書,陳君惠,如何,2000-12-01,9,189
哈佛商學院教你找到好工作,Robert S. Gardella,如何,2000-11-26,9,189
高分通過學力測驗,優質創意工作小組,如何,2000-10-24,9,171
別找豬房東、拒作豬房客—租屋全勝祕笈,立珩,如何,2000-10-24,9,162
預約成功的300種實戰創意,路易．派特勒,如何,2000-10-24,9,207
你的英語沒問題嗎?,連東孝子,如何,2000-10-01,9,162
3天拍出窈窕身段,林蓓莉,如何,2000-10-01,9,180
出國玩英語一路通,Andrew Horvat,如何,2000-09-01,9,180
小蕃薯變大肚婆：你從沒想過的臺灣地理趣事,沙岷,如何,2000-09-01,9,171
結婚白皮書,陳君惠,如何,2000-09-01,9,207
你一定可以通過推薦甄選,鄭清榮,如何,2000-07-05,9,225
幽默就很迷人：讓你大受歡迎的說話術,南琦,如何,2000-07-05,9,180
這個字，英文你會說嗎?學校學不到的實用英語,講談社國際,如何,2000-07-01,9,180
你也可以說一漂亮英語名句,遠山顯,如何,2000-07-01,9,180
要美麗 :楊思敏美容泡澡祕方,楊思敏,如何,2000-07-01,,250
